Condition,Time(min),Length(um)
Gel pad,0,3.41237
Gel pad,0,3.165695
Gel pad,0,4.90438
Gel pad,0,2.330055
Gel pad,0,3.548285
Gel pad,0,2.895945
Gel pad,0,3.55368
Gel pad,0,3.29134
Gel pad,0,4.390295
Gel pad,0,3.21074
Gel pad,0,3.06605
Gel pad,0,2.333695
Gel pad,0,3.69759
Gel pad,0,2.475135
Gel pad,0,5.599425
Gel pad,0,3.74582
Gel pad,0,3.909165
Gel pad,0,3.055715
Gel pad,0,3.82837
Gel pad,0,3.66314
Gel pad,0,3.97137
Gel pad,0,3.935035
Gel pad,0,2.588625
Gel pad,0,4.543045
Gel pad,0,4.91296
Gel pad,0,3.403075
Gel pad,0,2.538315
Gel pad,0,3.866265
Gel pad,0,3.24545
Gel pad,0,2.91343
Gel pad,0,2.80709
Gel pad,0,2.964455
Gel pad,0,2.223325
Gel pad,0,3.30226
Gel pad,0,4.389775
Gel pad,0,4.11099
Gel pad,0,4.04729
Gel pad,0,3.701035
Gel pad,0,4.390295
Gel pad,0,2.355275
Gel pad,0,2.76536
Gel pad,0,3.10713
Gel pad,0,2.95087
Gel pad,0,3.54653
Gel pad,0,4.745455
Gel pad,0,2.327325
Gel pad,0,4.22097
Gel pad,0,4.258345
Gel pad,0,3.605615
Gel pad,0,4.572685
Gel pad,0,3.02445
Gel pad,0,3.785665
Gel pad,0,3.58917
Gel pad,0,3.67003
Gel pad,0,3.266185
Gel pad,0,4.304235
Gel pad,0,2.38472
Gel pad,0,4.225
Gel pad,0,4.467515
Gel pad,0,2.97726
Gel pad,0,3.378115
Gel pad,0,3.88804
Gel pad,0,4.10787
Gel pad,0,2.862925
Gel pad,0,2.63952
Gel pad,0,5.47118
Gel pad,0,3.4554
Gel pad,0,5.020145
Gel pad,0,3.96019
Gel pad,0,4.3511
Gel pad,0,2.616185
Gel pad,0,3.53223
Gel pad,0,4.19341
Gel pad,0,3.786185
Gel pad,0,2.79799
Gel pad,0,2.63952
Gel pad,0,3.32774
Gel pad,0,2.65226
Gel pad,0,2.366065
Gel pad,0,3.838835
Gel pad,0,3.02445
Gel pad,0,4.111445
Gel pad,0,4.56716
Gel pad,0,4.51269
Gel pad,0,4.91296
Gel pad,0,3.2383
Gel pad,0,4.038385
Gel pad,0,3.31435
Gel pad,0,4.719975
Gel pad,0,3.991
Gel pad,0,4.70743
Gel pad,0,3.425305
Gel pad,0,3.49856
Gel pad,0,2.93943
Gel pad,0,3.074305
Gel pad,0,2.67215
Gel pad,0,3.175055
Gel pad,0,2.535
Gel pad,0,2.812355
Gel pad,0,3.005535
Gel pad,0,2.433795
Gel pad,0,3.4554
Gel pad,0,2.800265
Gel pad,0,4.575025
Gel pad,0,5.032365
Gel pad,0,4.16455
Gel pad,0,2.83179
Gel pad,0,4.56157
Gel pad,0,4.73967
Gel pad,0,4.38594
Gel pad,0,4.51269
Gel pad,0,3.20086
Gel pad,0,4.64555
Gel pad,0,3.169725
Gel pad,0,4.210505
Gel pad,0,4.6072
Gel pad,0,2.834
Gel pad,0,3.04668
Gel pad,0,3.016
Gel pad,0,4.34772
Gel pad,0,2.460575
Gel pad,0,3.876665
Gel pad,0,2.366065
Gel pad,0,4.212975
Gel pad,0,4.09552
Gel pad,0,2.487875
Gel pad,0,4.966
Gel pad,0,2.75925
Gel pad,0,2.871765
Gel pad,0,2.6
Gel pad,0,2.433795
Gel pad,0,2.30542
Gel pad,0,2.460575
Gel pad,0,2.21858
Gel pad,0,2.646735
Gel pad,0,2.63393
Gel pad,0,4.09292
Gel pad,0,3.31435
Gel pad,0,2.97726
Gel pad,0,3.79015
Gel pad,0,2.6
Gel pad,0,2.59753
Gel pad,0,3.19826
Gel pad,0,3.335345
Gel pad,0,3.55069
Gel pad,0,2.970175
Gel pad,0,2.620215
Gel pad,0,3.62427
Gel pad,0,2.75925
Gel pad,0,2.65226
Gel pad,0,2.779075
Gel pad,0,3.991
Gel pad,0,3.770585
Gel pad,0,4.81
Gel pad,0,3.175055
Gel pad,0,4.420455
Gel pad,0,3.957005
Gel pad,0,2.79578
Gel pad,0,2.509065
Gel pad,0,2.885025
Gel pad,0,4.05769
Gel pad,0,3.045965
Gel pad,0,2.632305
Gel pad,0,1.756235
Gel pad,0,5.943535
Gel pad,0,2.716025
Gel pad,0,2.99637
Gel pad,0,2.63952
Gel pad,0,3.295175
Gel pad,0,2.475135
Gel pad,0,4.09292
Gel pad,0,3.660865
Gel pad,0,2.886455
Gel pad,0,3.725475
Gel pad,0,3.41237
Gel pad,0,3.679845
Gel pad,0,3.02445
Gel pad,0,2.763865
Gel pad,0,4.274725
Gel pad,0,2.906865
Gel pad,0,3.494335
Gel pad,0,3.055715
Gel pad,0,2.61053
Gel pad,0,3.7141
Gel pad,0,2.538315
Gel pad,0,2.65148
Gel pad,0,3.187015
Gel pad,0,4.28805
Gel pad,0,2.470845
Gel pad,0,2.74313
Gel pad,0,2.722265
Gel pad,0,4.6917
Gel pad,0,4.36709
Gel pad,0,2.436395
Gel pad,0,2.822105
Gel pad,0,3.73282
Gel pad,0,3.20684
Gel pad,0,3.55602
Gel pad,0,3.2604
Gel pad,0,2.555735
Gel pad,0,3.926455
Gel pad,0,2.30542
Gel pad,0,2.58778
Gel pad,0,4.60031
Gel pad,0,3.169725
Gel pad,0,2.632305
Gel pad,0,2.542475
Gel pad,0,4.1483
Gel pad,0,2.705885
Gel pad,0,2.906865
Gel pad,0,3.021655
Gel pad,0,2.885025
Gel pad,0,3.17369
Gel pad,0,3.02445
Gel pad,0,3.86516
Gel pad,0,4.550455
Gel pad,0,3.8701
Gel pad,0,3.54653
Gel pad,0,3.876665
Gel pad,0,3.91352
Gel pad,0,3.666
Gel pad,0,4.036305
Gel pad,0,5.25252
Gel pad,0,3.705585
Gel pad,0,2.943005
Gel pad,0,3.948425
Gel pad,0,3.34607
Gel pad,0,2.87911
Gel pad,0,3.515395
Gel pad,0,3.8701
Gel pad,0,3.39001
Gel pad,0,3.797365
Gel pad,0,4.146285
Gel pad,0,2.180165
Gel pad,0,4.48123
Gel pad,0,4.829695
Gel pad,0,3.926455
Gel pad,0,2.298075
Gel pad,0,3.741335
Gel pad,0,2.749305
Gel pad,0,3.66834
Gel pad,0,2.7768
Gel pad,0,2.982915
Gel pad,0,4.244435
Gel pad,0,3.595605
Gel pad,0,2.30542
Gel pad,0,3.589755
Gel pad,0,4.486885
Gel pad,0,4.01791
Gel pad,0,4.79414
Gel pad,0,2.180165
Gel pad,0,2.73078
Gel pad,0,2.184975
Gel pad,0,2.524145
Gel pad,0,2.564835
Gel pad,0,2.87326
Gel pad,0,3.589755
Gel pad,0,2.76536
Gel pad,0,3.216005
Gel pad,0,2.356185
Gel pad,0,2.52915
Gel pad,0,2.366065
Gel pad,0,2.442505
Gel pad,0,5.08703
Gel pad,0,2.680015
Gel pad,0,4.20095
Gel pad,0,2.51069
Gel pad,0,3.13079
Gel pad,0,2.77147
Gel pad,0,2.721485
Gel pad,0,2.5714
Gel pad,0,2.85779
Gel pad,0,4.040985
Gel pad,0,3.467035
Gel pad,0,3.781765
Gel pad,0,3.039075
Gel pad,0,3.08802
Gel pad,0,4.345315
Gel pad,0,2.709005
Gel pad,0,3.919435
Gel pad,0,2.27409
Gel pad,0,4.2653
Gel pad,0,2.81606
Gel pad,0,3.072225
Gel pad,0,4.178265
Gel pad,0,3.69356
Gel pad,0,3.06605
Gel pad,0,2.943005
Gel pad,50,3.952845
Gel pad,50,5.473715
Gel pad,50,3.311555
Gel pad,50,2.206165
Gel pad,50,5.4054
Gel pad,50,3.22101
Gel pad,50,1.96963
Gel pad,50,1.90073
Gel pad,50,2.0371
Gel pad,50,3.52495
Gel pad,50,2.537145
Gel pad,50,2.29996
Gel pad,50,2.10379
Gel pad,50,2.90849
Gel pad,50,3.657485
Gel pad,50,2.37068
Gel pad,50,3.523065
Gel pad,50,2.687035
Gel pad,50,2.3166
Gel pad,50,2.76861
Gel pad,50,3.042585
Gel pad,50,3.00131
Gel pad,50,3.16095
Gel pad,50,3.1811
Gel pad,50,4.458285
Gel pad,50,2.790905
Gel pad,50,2.776345
Gel pad,50,2.69542
Gel pad,50,2.68034
Gel pad,50,2.92942
Gel pad,50,4.785755
Gel pad,50,2.59311
Gel pad,50,2.90368
Gel pad,50,1.86381
Gel pad,50,2.83296
Gel pad,50,1.50176
Gel pad,50,1.69884
Gel pad,50,3.72086
Gel pad,50,2.810015
Gel pad,50,2.64654
Gel pad,50,2.635165
Gel pad,50,1.61265
Gel pad,50,2.9575
Gel pad,50,2.816645
Gel pad,50,3.257215
Gel pad,50,3.073915
Gel pad,50,4.412785
Gel pad,50,3.591185
Gel pad,50,1.93063
Gel pad,50,3.74803
Gel pad,50,2.00083
Gel pad,50,1.786655
Gel pad,50,2.280655
Gel pad,50,2.03112
Gel pad,50,2.386865
Gel pad,50,2.539355
Gel pad,50,2.293395
Gel pad,50,2.47039
Gel pad,50,2.53604
Gel pad,50,2.007395
Gel pad,50,1.83898
Gel pad,50,2.48859
Gel pad,50,3.854695
Gel pad,50,3.81849
Gel pad,50,1.716975
Gel pad,50,3.527095
Gel pad,50,3.668015
Gel pad,50,1.88136
Gel pad,50,1.988155
Gel pad,50,1.524055
Gel pad,50,1.976325
Gel pad,50,3.113045
Gel pad,50,2.856685
Gel pad,50,2.20701
Gel pad,50,3.319745
Gel pad,50,2.084485
Gel pad,50,2.175745
Gel pad,50,2.687035
Gel pad,50,2.30321
Gel pad,50,2.88093
Gel pad,50,2.296645
Gel pad,50,1.906645
Gel pad,50,1.824615
Gel pad,50,2.253745
Gel pad,50,2.4635
Gel pad,50,2.28358
Gel pad,50,2.12511
Gel pad,50,2.03112
Gel pad,50,4.103255
Gel pad,50,2.93293
Gel pad,50,2.851095
Gel pad,50,2.12225
Gel pad,50,2.96517
Gel pad,50,2.73078
Gel pad,50,3.66834
Gel pad,50,3.518385
Gel pad,50,3.705585
Gel pad,50,2.919215
Gel pad,50,2.428595
Gel pad,50,3.38065
Gel pad,50,3.62141
Gel pad,50,3.89402
Gel pad,50,3.576755
Gel pad,50,4.75033
Gel pad,50,3.2487
Gel pad,50,2.6429
Gel pad,50,4.186325
Gel pad,50,3.25403
Gel pad,50,2.408055
Gel pad,50,2.436005
Gel pad,50,2.217865
Gel pad,50,2.13044
Gel pad,50,3.39001
Gel pad,50,2.39044
Gel pad,50,1.875185
Gel pad,50,3.31643
Gel pad,50,2.45713
Gel pad,50,2.302235
Gel pad,50,3.531905
Gel pad,50,2.09742
Gel pad,50,2.380495
Gel pad,50,2.92084
Gel pad,50,2.374255
Gel pad,50,2.69828
Gel pad,50,1.97691
Gel pad,50,2.06089
Gel pad,50,2.791945
Gel pad,50,3.75089
Gel pad,50,2.752555
Gel pad,50,2.15215
Gel pad,50,2.413125
Gel pad,50,2.340455
Gel pad,50,2.281955
Gel pad,50,2.68983
Gel pad,50,2.617225
Gel pad,50,3.29017
Gel pad,50,2.72389
Gel pad,50,1.918345
Gel pad,50,1.98276
Gel pad,50,2.12511
Gel pad,50,2.03112
Gel pad,50,4.103255
Gel pad,50,2.93293
Gel pad,50,2.851095
Gel pad,50,2.12225
Gel pad,50,2.96517
Gel pad,50,2.73078
Gel pad,50,3.66834
Gel pad,50,3.518385
Gel pad,50,3.705585
Gel pad,50,2.919215
Gel pad,50,2.428595
Gel pad,50,3.38065
Gel pad,50,3.62141
Gel pad,50,3.89402
Gel pad,50,3.576755
Gel pad,50,4.75033
Gel pad,50,3.2487
Gel pad,50,2.6429
Gel pad,50,4.186325
Gel pad,50,3.25403
Gel pad,50,2.408055
Gel pad,50,2.436005
Gel pad,50,2.217865
Gel pad,50,2.13044
Gel pad,50,3.39001
Gel pad,50,2.39044
Gel pad,50,1.875185
Gel pad,50,3.31643
Gel pad,50,2.45713
Gel pad,50,2.302235
Gel pad,50,3.531905
Gel pad,50,2.09742
Gel pad,50,2.380495
Gel pad,50,2.92084
Gel pad,50,2.374255
Gel pad,50,2.69828
Gel pad,50,1.97691
Gel pad,50,2.06089
Gel pad,50,2.791945
Gel pad,50,3.75089
Gel pad,50,2.752555
Gel pad,50,2.15215
Gel pad,50,2.413125
Gel pad,50,2.340455
Gel pad,50,2.281955
Gel pad,50,2.68983
Gel pad,50,2.617225
Gel pad,50,3.29017
Gel pad,50,2.72389
Gel pad,50,1.918345
Gel pad,50,1.98276
Gel pad,100,4.332575
Gel pad,100,4.24944
Gel pad,100,3.35933
Gel pad,100,3.30681
Gel pad,100,3.70643
Gel pad,100,4.414475
Gel pad,100,4.346355
Gel pad,100,2.16515
Gel pad,100,2.524145
Gel pad,100,2.29034
Gel pad,100,2.115295
Gel pad,100,2.492425
Gel pad,100,2.129335
Gel pad,100,2.703805
Gel pad,100,2.98194
Gel pad,100,4.122495
Gel pad,100,3.505775
Gel pad,100,3.534505
Gel pad,100,2.565615
Gel pad,100,2.82789
Gel pad,100,2.4713
Gel pad,100,2.28202
Gel pad,100,3.538275
Gel pad,100,2.16372
Gel pad,100,2.39499
Gel pad,100,3.738085
Gel pad,100,2.007655
Gel pad,100,1.92413
Gel pad,100,2.959515
Gel pad,100,2.20389
Gel pad,100,2.755025
Gel pad,100,2.415725
Gel pad,100,2.41904
Gel pad,100,2.4687
Gel pad,100,3.47568
Gel pad,100,2.408055
Gel pad,100,2.560675
Gel pad,100,3.454165
Gel pad,100,3.56317
Gel pad,100,2.5493
Gel pad,100,3.521765
Gel pad,100,3.1278
Gel pad,100,3.22101
Gel pad,100,2.926495
Gel pad,100,2.795585
Gel pad,100,2.965105
Gel pad,100,3.25663
Gel pad,100,3.262415
Gel pad,100,3.660865
Gel pad,100,3.21308
Gel pad,100,3.47386
Gel pad,100,3.389035
Gel pad,100,3.462095
Gel pad,100,2.67735
Gel pad,100,2.742415
Gel pad,100,2.79799
Gel pad,150,3.575585
Gel pad,150,2.72168
Gel pad,150,2.658045
Gel pad,150,2.595125
Gel pad,150,2.846155
Gel pad,150,2.539225
Gel pad,150,2.785185
Gel pad,150,2.954185
Gel pad,150,2.29177
Gel pad,150,2.348645
Gel pad,150,2.002975
Gel pad,150,2.4947
Gel pad,150,2.294955
Gel pad,150,1.969565
Gel pad,150,3.83864
Gel pad,150,2.87768
Gel pad,150,2.70842
Gel pad,150,2.651675
Gel pad,150,3.078335
Gel pad,150,3.192865
Gel pad,150,2.622035
Gel pad,150,2.34364
Gel pad,150,2.82048
Gel pad,150,2.751775
Gel pad,150,3.28172
Gel pad,150,2.41553
Gel pad,150,2.616185
Gel pad,150,3.08204
Gel pad,150,3.575
Gel pad,150,2.59064
Gel pad,150,2.421835
Gel pad,150,1.625
Gel pad,150,1.76579
Gel pad,150,4.310735
Gel pad,150,3.278665
Gel pad,150,3.49583
Gel pad,150,3.3956
Gel pad,150,4.443335
Gel pad,150,2.66279
Gel pad,150,2.27526
Gel pad,150,4.14739
Gel pad,150,2.934685
Gel pad,150,3.317535
Gel pad,150,3.6621
Gel pad,150,3.98411
Gel pad,150,1.83417
Gel pad,150,1.845935
Gel pad,150,1.710475
Gel pad,150,2.251925
Gel pad,150,2.466555
Gel pad,150,1.96352
Gel pad,150,2.517645
Gel pad,150,3.37389
Gel pad,150,3.86178
Gel pad,150,2.187705
Gel pad,150,2.122315
Gel pad,150,2.76315
Gel pad,150,2.297165
Gel pad,150,3.9832
Gel pad,150,2.26018
Gel pad,150,2.09066
Gel pad,150,2.56932
Gel pad,150,2.085135
Gel pad,150,3.050385
Gel pad,150,3.133845
Gel pad,150,2.180165
Gel pad,150,2.409615
Gel pad,150,4.35136
Gel pad,150,4.50567
Gel pad,150,3.020355
Gel pad,150,3.125395
Gel pad,150,2.384915
Gel pad,150,5.010395
Gel pad,150,2.23704
Gel pad,150,2.242045
Gel pad,200,4.76242
Gel pad,200,2.8574
Gel pad,200,2.7768
Gel pad,200,4.413305
Gel pad,200,3.096275
Gel pad,200,2.548325
Gel pad,200,3.029715
Gel pad,200,2.826785
Gel pad,200,2.8574
Gel pad,200,2.822105
Gel pad,200,2.178475
Gel pad,200,1.87096
Gel pad,200,3.072225
Gel pad,200,2.53851
Gel pad,200,3.578705
Gel pad,200,1.878565
Gel pad,200,1.95052
Gel pad,200,1.822925
Gel pad,200,2.45843
Gel pad,200,3.03225
Gel pad,200,1.625
Gel pad,200,1.695005
Gel pad,200,2.818725
Gel pad,200,2.727855
Gel pad,200,2.39733
Gel pad,200,3.012685
Gel pad,200,3.898115
Gel pad,200,1.985685
Gel pad,200,2.47195
Gel pad,200,3.087695
Gel pad,200,2.959125
Gel pad,200,3.811405
Gel pad,200,3.575715
Gel pad,200,3.38702
Gel pad,200,2.252835
Gel pad,200,2.596945
Gel pad,200,3.657485
Gel pad,200,2.73312
Gel pad,200,3.14041
Gel pad,200,3.139565
Gel pad,200,2.263365
Gel pad,200,2.87768
Gel pad,200,3.42485
Gel pad,200,2.56503
Gel pad,200,2.64368
Gel pad,200,2.836665
Gel pad,200,2.823015
Gel pad,200,2.972645
Gel pad,200,2.707575
Gel pad,200,2.829645
Gel pad,200,3.767985
Gel pad,200,3.460145
Gel pad,200,2.675465
Gel pad,200,2.609035
Gel pad,200,2.694315
Gel pad,200,2.430545
Gel pad,200,1.976325
Gel pad,200,2.1762
Gel pad,200,1.86134
Gel pad,200,3.2058
Gel pad,200,3.00131
Gel pad,200,2.50471
Gel pad,200,2.13213
Gel pad,200,2.537145
Gel pad,200,2.565485
Gel pad,250,3.12949
Gel pad,250,1.828775
Gel pad,250,1.794325
Gel pad,250,2.350855
Gel pad,250,1.85029
Gel pad,250,2.14084
Gel pad,250,1.9695
Gel pad,250,3.934775
Gel pad,250,3.54939
Gel pad,250,4.87435
Gel pad,250,2.05504
Gel pad,250,2.345005
Gel pad,250,2.21013
Gel pad,250,2.11549
Gel pad,250,3.81654
Gel pad,250,3.197935
Gel pad,250,3.840395
Gel pad,250,4.146675
Gel pad,250,3.98151
Gel pad,250,4.08304
Gel pad,250,2.54423
Gel pad,250,2.375945
Gel pad,250,3.141645
Gel pad,250,3.17499
Gel pad,250,2.500615
Gel pad,250,1.95299
Gel pad,250,1.87811
Gel pad,250,2.01422
Gel pad,250,3.402295
Gel pad,250,2.853175
Gel pad,250,2.625935
Gel pad,250,2.44556
Gel pad,250,2.688075
Gel pad,250,2.72727
Gel pad,250,2.53877
Gel pad,250,3.05747
Gel pad,250,2.301975
Gel pad,250,2.542475
Gel pad,250,2.197065
Gel pad,250,1.89085
Gel pad,250,2.49132
Gel pad,250,2.09313
Gel pad,250,3.41263
Gel pad,250,4.5669
Gel pad,250,3.320915
Gel pad,250,1.948115
Gel pad,250,2.696525
Gel pad,250,2.64368
Gel pad,250,3.102515
Gel pad,250,2.58778
Gel pad,250,2.405
Gel pad,250,2.17971
Gel pad,250,3.77013
Gel pad,250,1.85367
Gel pad,250,1.82026
Gel pad,250,3.649555
Gel pad,250,3.053115
Gel pad,250,3.68758
Gel pad,250,1.75019
Gel pad,250,1.58483
Gel pad,250,2.144025
Gel pad,250,2.13811
Gel pad,250,3.772925
Gel pad,250,2.98753
Gel pad,250,4.15389
Gel pad,250,2.168725
Gel pad,250,2.63328
Gel pad,250,2.436005
Gel pad,250,3.053115
Gel pad,250,3.061565
Gel pad,250,3.05656
Gel pad,250,3.431025
Gel pad,250,2.802735
Gel pad,250,3.6127
Gel pad,250,3.57526
Gel pad,250,3.419325
Gel pad,250,3.713645
Gel pad,250,2.392455
Gel pad,250,2.64342
Gel pad,250,2.824965
Gel pad,250,2.76926
Gel pad,250,2.98376
Gel pad,250,3.01795
Gel pad,250,3.32865
Gel pad,250,2.650505
Gel pad,250,3.383445
Gel pad,250,3.066375
Gel pad,250,3.35712
Gel pad,250,2.064725
Gel pad,250,2.155335
Gel pad,300,7.77348
Gel pad,300,5.45467
Gel pad,300,2.21338
Gel pad,300,1.88136
Gel pad,300,2.403375
Gel pad,300,2.430155
Gel pad,300,3.19878
Gel pad,300,1.8395
Gel pad,300,2.20961
Gel pad,300,3.445
Gel pad,300,3.56213
Gel pad,300,3.523195
Gel pad,300,3.13755
Gel pad,300,2.91291
Gel pad,300,3.531775
Gel pad,300,2.36249
Gel pad,300,2.543515
Gel pad,300,2.659865
Gel pad,300,3.096405
Gel pad,300,2.296515
Gel pad,300,2.06089
Gel pad,300,4.524975
Gel pad,300,1.991275
Gel pad,300,2.007655
Gel pad,300,2.372695
Gel pad,300,2.158
Gel pad,300,2.433795
Gel pad,300,2.11874
Gel pad,300,2.210455
Gel pad,300,2.19102
Gel pad,300,2.31387
Gel pad,300,3.985865
Gel pad,300,2.71466
Gel pad,300,2.233075
Gel pad,300,2.27526
Gel pad,300,2.76419
Gel pad,300,3.44838
Gel pad,300,4.65465
Gel pad,300,2.69516
Gel pad,300,2.544555
Gel pad,300,3.74894
Gel pad,300,3.155685
Gel pad,300,2.47702
Gel pad,300,2.66279
Gel pad,300,2.543515
Gel pad,300,2.12446
Gel pad,300,1.633125
Gel pad,300,1.82026
Gel pad,300,2.203565
Gel pad,300,1.95702
Gel pad,300,2.172625
Gel pad,300,1.878565
Gel pad,300,2.686515
Gel pad,300,3.33866
Gel pad,300,3.608085
Gel pad,300,3.649555
Gel pad,300,2.37783
Gel pad,300,1.96352
Gel pad,300,2.448095
Gel pad,300,2.45648
Gel pad,300,2.72402
Gel pad,300,2.091375
Gel pad,300,1.89865
Gel pad,300,1.887535
Gel pad,300,2.353715
Gel pad,300,3.217175
Gel pad,300,2.574585
Gel pad,300,2.77472
Gel pad,300,3.596645
Gel pad,300,4.141215
Gel pad,300,2.89068
Gel pad,300,2.23366
Gel pad,300,1.973465
Gel pad,300,3.833245
Gel pad,300,2.1736
Gel pad,300,2.35001
Gel pad,300,2.85675
Gel pad,300,2.71999
Gel pad,300,2.04217
Gel pad,350,3.984955
Gel pad,350,2.52265
Gel pad,350,1.83846
Gel pad,350,2.183545
Gel pad,350,1.8226
Gel pad,350,3.14912
Gel pad,350,3.1369
Gel pad,350,3.591055
Gel pad,350,3.995225
Gel pad,350,2.98896
Gel pad,350,2.81723
Gel pad,350,2.885025
Gel pad,350,3.11545
Gel pad,350,3.14509
Gel pad,350,2.9718
Gel pad,350,3.271255
Gel pad,350,3.03576
Gel pad,350,2.99637
Gel pad,350,2.58635
Gel pad,350,2.714465
Gel pad,350,2.55112
Gel pad,350,3.034135
Gel pad,350,3.07346
Gel pad,350,2.91993
Gel pad,350,2.297555
Gel pad,350,2.500225
Gel pad,350,2.4414
Gel pad,350,2.9588
Gel pad,350,3.586245
Gel pad,350,2.40656
Gel pad,350,2.82971
Gel pad,350,2.40461
Gel pad,350,2.617485
Gel pad,350,2.10834
Gel pad,350,2.13811
Gel pad,350,3.161405
Gel pad,350,3.165565
Gel pad,350,3.64169
Gel pad,350,1.625585
Gel pad,350,1.783015
Gel pad,350,2.112695
Gel pad,350,2.296645
Gel pad,350,2.9822
Gel pad,350,3.25182
Gel pad,350,2.95022
Gel pad,350,2.5506
Gel pad,350,3.48569
Gel pad,350,3.60958
Gel pad,350,3.90598
Gel pad,350,2.120365
Gel pad,350,2.14851
Gel pad,350,2.634515
Gel pad,350,2.81853
Gel pad,350,2.75847
Gel pad,350,3.73178
Gel pad,350,2.13005
Gel pad,350,3.446365
Gel pad,350,4.68169
Gel pad,350,2.03827
Gel pad,350,1.89761
Gel pad,350,2.316015
Gel pad,350,2.19713
Gel pad,350,2.265965
Gel pad,350,2.114905
Gel pad,350,4.086355
Gel pad,350,4.082195
Gel pad,350,3.510065
Gel pad,350,3.112525
Gel pad,350,2.427035
Gel pad,350,2.26551
Gel pad,350,3.06111
Gel pad,350,2.491775
Gel pad,350,2.313545
Gel pad,350,1.863355
Gel pad,350,1.911065
Gel pad,350,2.95893
Gel pad,350,2.76328
Gel pad,350,3.568045
Gel pad,350,3.14431
Gel pad,350,2.59376
Gel pad,350,3.430115
Gel pad,350,3.237065
Gel pad,350,3.41718
Gel pad,350,2.390765
Gel pad,350,3.203915
Gel pad,350,2.96036
Gel pad,350,2.906735
Gel pad,350,2.395445
Gel pad,350,3.04551
Gel pad,350,2.52213
Gel pad,350,2.505035
Gel pad,350,2.484625
Gel pad,350,3.39872
Gel pad,350,2.71466
Gel pad,350,3.53639
Gel pad,350,3.069885
Gel pad,350,5.56582
Gel pad,350,4.903665
Gel pad,350,2.11627
Gel pad,350,2.142205
Gel pad,350,2.51277
Gel pad,350,1.69637
Gel pad,350,2.240615
Gel pad,350,2.512835
Gel pad,350,2.27162
Gel pad,350,2.027675
Gel pad,400,3.952845
Gel pad,400,5.473715
Gel pad,400,3.311555
Gel pad,400,2.206165
Gel pad,400,5.4054
Gel pad,400,3.22101
Gel pad,400,1.96963
Gel pad,400,1.90073
Gel pad,400,2.0371
Gel pad,400,3.52495
Gel pad,400,2.537145
Gel pad,400,2.29996
Gel pad,400,2.10379
Gel pad,400,2.90849
Gel pad,400,3.657485
Gel pad,400,2.37068
Gel pad,400,3.523065
Gel pad,400,2.687035
Gel pad,400,2.3166
Gel pad,400,2.76861
Gel pad,400,3.042585
Gel pad,400,3.00131
Gel pad,400,3.16095
Gel pad,400,3.1811
Gel pad,400,4.458285
Gel pad,400,2.790905
Gel pad,400,2.776345
Gel pad,400,2.69542
Gel pad,400,2.68034
Gel pad,400,2.92942
Gel pad,400,4.785755
Gel pad,400,2.59311
Gel pad,400,2.90368
Gel pad,400,1.86381
Gel pad,400,2.83296
Gel pad,400,1.50176
Gel pad,400,1.69884
Gel pad,400,3.72086
Gel pad,400,2.810015
Gel pad,400,2.64654
Gel pad,400,2.635165
Gel pad,400,1.61265
Gel pad,400,2.9575
Gel pad,400,2.816645
Gel pad,400,3.257215
Gel pad,400,3.073915
Gel pad,400,4.412785
Gel pad,400,3.591185
Gel pad,400,1.93063
Gel pad,400,3.74803
Gel pad,400,2.00083
Gel pad,400,1.786655
Gel pad,400,2.280655
Gel pad,400,2.03112
Gel pad,400,2.386865
Gel pad,400,2.539355
Gel pad,400,2.293395
Gel pad,400,2.47039
Gel pad,400,2.53604
Gel pad,400,2.007395
Gel pad,400,1.83898
Gel pad,400,2.48859
Gel pad,400,3.854695
Gel pad,400,3.81849
Gel pad,400,1.716975
Gel pad,400,3.527095
Gel pad,400,3.668015
Gel pad,400,1.88136
Gel pad,400,1.988155
Gel pad,400,1.524055
Gel pad,400,1.976325
Gel pad,400,3.113045
Gel pad,400,2.856685
Gel pad,400,2.20701
Gel pad,400,3.319745
Gel pad,400,2.084485
Gel pad,400,2.175745
Gel pad,400,2.687035
Gel pad,400,2.30321
Gel pad,400,2.88093
Gel pad,400,2.296645
Gel pad,400,1.906645
Gel pad,400,1.824615
Gel pad,400,2.253745
Gel pad,400,2.4635
Gel pad,400,2.28358
PLL air-dried,0,4.319559746
PLL air-dried,0,2.473866367
PLL air-dried,0,2.235441704
PLL air-dried,0,2.958080463
PLL air-dried,0,3.562110043
PLL air-dried,0,3.445
PLL air-dried,0,5.18774456
PLL air-dried,0,2.910501308
PLL air-dried,0,4.299611244
PLL air-dried,0,3.609722176
PLL air-dried,0,3.089701347
PLL air-dried,0,4.96017067
PLL air-dried,0,3.551861801
PLL air-dried,0,2.54191349
PLL air-dried,0,1.813042498
PLL air-dried,0,3.926317482
PLL air-dried,0,4.488456001
PLL air-dried,0,3.35659996
PLL air-dried,0,2.759224014
PLL air-dried,0,3.045911446
PLL air-dried,0,6.022207451
PLL air-dried,0,3.028706074
PLL air-dried,0,2.920988083
PLL air-dried,0,3.143281765
PLL air-dried,0,4.984696922
PLL air-dried,0,4.129617538
PLL air-dried,0,4.448663139
PLL air-dried,0,4.070425892
PLL air-dried,0,3.440780296
PLL air-dried,0,3.215278568
PLL air-dried,0,3.555004139
PLL air-dried,0,2.864883728
PLL air-dried,0,3.741761112
PLL air-dried,0,3.857492027
PLL air-dried,0,3.353114452
PLL air-dried,0,3.558360462
PLL air-dried,0,3.143355408
PLL air-dried,0,3.668326664
PLL air-dried,0,4.527419701
PLL air-dried,0,3.60116003
PLL air-dried,0,2.847000446
PLL air-dried,0,5.053362198
PLL air-dried,0,3.893109074
PLL air-dried,0,2.832807236
PLL air-dried,0,3.021556282
PLL air-dried,0,2.160211067
PLL air-dried,0,4.261793594
PLL air-dried,0,3.444549217
PLL air-dried,0,2.97695879
PLL air-dried,0,2.925000496
PLL air-dried,0,4.152881451
PLL air-dried,0,3.499789448
PLL air-dried,0,2.452429886
PLL air-dried,0,3.453874073
PLL air-dried,0,3.54226593
PLL air-dried,0,3.444999504
PLL air-dried,0,3.210672302
PLL air-dried,0,3.563160877
PLL air-dried,0,2.446794605
PLL air-dried,0,3.235589828
PLL air-dried,0,4.902432785
PLL air-dried,0,3.187575016
PLL air-dried,0,3.700740623
PLL air-dried,0,2.692679253
PLL air-dried,0,3.626081028
PLL air-dried,0,3.13412056
PLL air-dried,0,5.376167793
PLL air-dried,0,4.934466133
PLL air-dried,0,3.715620422
PLL air-dried,0,2.86
PLL air-dried,0,3.284783669
PLL air-dried,0,4.032148781
PLL air-dried,0,2.934736214
PLL air-dried,0,3.459196682
PLL air-dried,0,5.232398338
PLL air-dried,0,3.955603733
PLL air-dried,0,3.014934883
PLL air-dried,50,3.182557144
PLL air-dried,50,2.2521348
PLL air-dried,50,3.874347286
PLL air-dried,50,4.811263084
PLL air-dried,50,2.479902096
PLL air-dried,50,3.354784431
PLL air-dried,50,3.443087769
PLL air-dried,50,3.691766624
PLL air-dried,50,2.974973164
PLL air-dried,50,2.790372162
PLL air-dried,50,4.583753166
PLL air-dried,50,3.550150909
PLL air-dried,50,2.308612823
PLL air-dried,50,2.629185333
PLL air-dried,50,3.068000298
PLL air-dried,50,2.547993107
PLL air-dried,50,4.182643776
PLL air-dried,50,3.653333054
PLL air-dried,50,3.939000397
PLL air-dried,50,2.837914371
PLL air-dried,50,3.349554806
PLL air-dried,50,3.384115562
PLL air-dried,50,3.666979523
PLL air-dried,50,3.249758492
PLL air-dried,50,3.176550179
PLL air-dried,50,5.618515358
PLL air-dried,50,2.99
PLL air-dried,50,4.538607445
PLL air-dried,50,4.114106941
PLL air-dried,50,4.651079483
PLL air-dried,50,3.550377045
PLL air-dried,50,4.634460526
PLL air-dried,50,4.654652519
PLL air-dried,50,2.09121973
PLL air-dried,50,2.051933565
PLL air-dried,50,4.316508904
PLL air-dried,50,4.225
PLL air-dried,50,2.296441689
PLL air-dried,50,4.668738861
PLL air-dried,50,4.664692726
PLL air-dried,50,4.113321915
PLL air-dried,50,3.734493294
PLL air-dried,50,5.044876175
PLL air-dried,50,3.803335857
PLL air-dried,50,3.93963541
PLL air-dried,50,1.625
PLL air-dried,50,2.206173058
PLL air-dried,50,3.011079674
PLL air-dried,50,3.676061134
PLL air-dried,50,5.07474884
PLL air-dried,50,4.257275352
PLL air-dried,50,3.354644833
PLL air-dried,50,4.448571396
PLL air-dried,50,4.730891838
PLL air-dried,50,4.254752655
PLL air-dried,50,4.738415298
PLL air-dried,50,2.9478895
PLL air-dried,50,3.924299126
PLL air-dried,50,3.309988327
PLL air-dried,50,3.252824459
PLL air-dried,50,4.390188828
PLL air-dried,50,3.256684875
PLL air-dried,50,2.441786156
PLL air-dried,50,2.341618156
PLL air-dried,50,3.41177721
PLL air-dried,50,4.264221077
PLL air-dried,50,3.910817051
PLL air-dried,50,2.560556507
PLL air-dried,50,4.68
PLL air-dried,50,3.812720222
PLL air-dried,50,4.19084713
PLL air-dried,50,2.672124252
PLL air-dried,50,3.566046829
PLL air-dried,50,3.954137573
PLL air-dried,50,2.369703064
PLL air-dried,50,4.406805801
PLL air-dried,100,4.049415398
PLL air-dried,100,2.382526073
PLL air-dried,100,2.068287334
PLL air-dried,100,2.22313345
PLL air-dried,100,4.822413635
PLL air-dried,100,3.946954308
PLL air-dried,100,2.849640427
PLL air-dried,100,3.276120358
PLL air-dried,100,1.930401487
PLL air-dried,100,3.161955776
PLL air-dried,100,2.884972324
PLL air-dried,100,3.171373863
PLL air-dried,100,2.795
PLL air-dried,100,3.210438976
PLL air-dried,100,4.667444038
PLL air-dried,100,4.29
PLL air-dried,100,3.396762772
PLL air-dried,100,4.046306038
PLL air-dried,100,4.092924614
PLL air-dried,100,3.953744068
PLL air-dried,100,3.67524437
PLL air-dried,100,4.347615891
PLL air-dried,100,3.27154583
PLL air-dried,100,4.277176743
PLL air-dried,100,3.402511616
PLL air-dried,100,3.686674366
PLL air-dried,100,4.011505756
PLL air-dried,100,2.848794155
PLL air-dried,100,2.821281528
PLL air-dried,100,2.651999702
PLL air-dried,100,4.383632889
PLL air-dried,100,2.797603283
PLL air-dried,100,2.684447632
PLL air-dried,100,2.32680357
PLL air-dried,100,1.997375336
PLL air-dried,100,5.18731163
PLL air-dried,100,2.587130623
PLL air-dried,100,3.012707748
PLL air-dried,100,2.884102993
PLL air-dried,100,2.47
PLL air-dried,100,2.210684853
PLL air-dried,100,4.578648758
PLL air-dried,100,4.548518219
PLL air-dried,100,4.893429031
PLL air-dried,100,2.378999901
PLL air-dried,100,3.433655548
PLL air-dried,100,5.150636063
PLL air-dried,100,3.207179852
PLL air-dried,100,1.424375381
PLL air-dried,100,5.455630035
PLL air-dried,100,4.488088036
PLL air-dried,100,2.857118263
PLL air-dried,100,2.727864609
PLL air-dried,100,2.966120415
PLL air-dried,100,2.952436256
PLL air-dried,100,3.569102135
PLL air-dried,100,4.858431129
PLL air-dried,100,2.949320698
PLL air-dried,100,2.578675594
PLL air-dried,100,4.132017498
PLL air-dried,100,4.221817245
PLL air-dried,100,3.021593227
PLL air-dried,100,2.753078194
PLL air-dried,100,4.624830933
PLL air-dried,100,3.50330719
PLL air-dried,100,4.726265984
PLL air-dried,100,4.225
PLL air-dried,100,4.625762749
PLL air-dried,100,3.578613205
PLL air-dried,100,3.445
PLL air-dried,100,2.868198147
PLL air-dried,100,5.018347435
PLL air-dried,100,3.651339245
PLL air-dried,100,3.044715061
PLL air-dried,100,4.764296379
PLL air-dried,100,4.53169693
PLL air-dried,100,2.560841408
PLL air-dried,100,2.336311665
PLL air-dried,100,1.860408411
PLL air-dried,150,2.323315582
PLL air-dried,150,3.826478519
PLL air-dried,150,2.626922245
PLL air-dried,150,3.853613758
PLL air-dried,150,2.21
PLL air-dried,150,2.619786339
PLL air-dried,150,2.809990387
PLL air-dried,150,2.830357437
PLL air-dried,150,2.649487915
PLL air-dried,150,2.650218639
PLL air-dried,150,3.194846554
PLL air-dried,150,2.322692471
PLL air-dried,150,4.634856262
PLL air-dried,150,3.392022114
PLL air-dried,150,3.553664188
PLL air-dried,150,1.339265461
PLL air-dried,150,2.222080135
PLL air-dried,150,4.652176933
PLL air-dried,150,3.488265972
PLL air-dried,150,3.404842644
PLL air-dried,150,3.493107052
PLL air-dried,150,3.461307774
PLL air-dried,150,3.719208336
PLL air-dried,150,3.995251045
PLL air-dried,150,5.646847725
PLL air-dried,150,5.721332016
PLL air-dried,150,2.118007584
PLL air-dried,150,2.390021019
PLL air-dried,150,2.614486542
PLL air-dried,150,2.10458725
PLL air-dried,150,4.772845383
PLL air-dried,150,2.464248428
PLL air-dried,150,3.062453289
PLL air-dried,150,2.790612679
PLL air-dried,150,2.757975559
PLL air-dried,150,4.470912666
PLL air-dried,150,2.941563911
PLL air-dried,150,3.317479553
PLL air-dried,150,3.196890202
PLL air-dried,150,4.183416405
PLL air-dried,150,3.256249218
PLL air-dried,150,1.494650879
PLL air-dried,150,3.072978745
PLL air-dried,150,2.560967865
PLL air-dried,150,2.255846443
PLL air-dried,150,2.965025692
PLL air-dried,150,3.586412392
PLL air-dried,150,2.942904854
PLL air-dried,150,1.516743822
PLL air-dried,150,3.568355293
PLL air-dried,150,2.160211067
PLL air-dried,150,2.802363529
PLL air-dried,150,5.612922478
PLL air-dried,150,5.747202187
PLL air-dried,150,1.17
PLL air-dried,150,5.045354729
PLL air-dried,150,2.292373734
PLL air-dried,150,2.88271122
PLL air-dried,150,4.400567741
PLL air-dried,150,1.43
PLL air-dried,150,6.701920433
PLL air-dried,150,2.353342972
PLL air-dried,150,1.608667927
PLL air-dried,150,3.6883922
PLL air-dried,150,2.296441689
PLL air-dried,150,3.721076679
PLL air-dried,150,3.431247158
PLL air-dried,150,2.508626232
PLL air-dried,150,2.41822916
PLL air-dried,150,2.003940821
PLL air-dried,150,2.039458065
PLL air-dried,150,2.441786156
PLL air-dried,150,3.199812851
PLL air-dried,150,1.939118729
PLL air-dried,150,2.681382656
PLL air-dried,150,2.676219482
PLL air-dried,150,3.082443695
PLL air-dried,150,4.090734177
PLL air-dried,150,3.743177433
PLL air-dried,150,2.976510735
PLL air-dried,150,2.920000229
PLL air-dried,150,2.445676079
PLL air-dried,150,2.122028427
PLL air-dried,150,2.390021019
PLL air-dried,150,3.738354702
PLL air-dried,150,3.339775944
PLL air-dried,150,4.458490601
PLL air-dried,150,4.566466713
PLL air-dried,150,3.223445721
PLL air-dried,150,2.163330841
PLL air-dried,150,2.597345638
PLL air-dried,150,3.499316349
PLL air-dried,150,4.048154297
PLL air-dried,150,3.844427757
PLL air-dried,150,3.567822189
PLL air-dried,150,1.80699995
PLL air-dried,150,2.713234253
PLL air-dried,150,2.257432117
PLL air-dried,200,2.652644882
PLL air-dried,200,3.96707737
PLL air-dried,200,4.416273727
PLL air-dried,200,3.054559135
PLL air-dried,200,4.349032707
PLL air-dried,200,2.672124252
PLL air-dried,200,2.749383411
PLL air-dried,200,3.433529339
PLL air-dried,200,3.210127296
PLL air-dried,200,4.004636898
PLL air-dried,200,2.205325794
PLL air-dried,200,2.115814915
PLL air-dried,200,4.324989471
PLL air-dried,200,2.430134983
PLL air-dried,200,5.265364494
PLL air-dried,200,2.03007556
PLL air-dried,200,2.21
PLL air-dried,200,1.400216351
PLL air-dried,200,2.496000099
PLL air-dried,200,1.116054468
PLL air-dried,200,2.343247223
PLL air-dried,200,4.697264137
PLL air-dried,200,2.116093121
PLL air-dried,200,2.961101055
PLL air-dried,200,3.79350666
PLL air-dried,200,1.918546247
PLL air-dried,200,2.600500126
PLL air-dried,200,3.95859705
PLL air-dried,200,3.264096756
PLL air-dried,200,2.243915081
PLL air-dried,200,2.537503605
PLL air-dried,200,2.918516464
PLL air-dried,200,3.159731369
PLL air-dried,200,2.21
PLL air-dried,200,2.08
PLL air-dried,200,2.426500206
PLL air-dried,200,2.87767252
PLL air-dried,200,2.633496284
PLL air-dried,200,2.08
PLL air-dried,200,5.838404121
PLL air-dried,200,4.20247921
PLL air-dried,200,4.082074089
PLL air-dried,200,3.947096882
PLL air-dried,200,5.256834335
PLL air-dried,200,3.906764965
PLL air-dried,200,2.825000362
PLL air-dried,200,1.516743822
PLL air-dried,200,1.582719898
PLL air-dried,200,2.379607639
PLL air-dried,200,2.011876507
PLL air-dried,200,4.111009731
PLL air-dried,200,1.918546124
PLL air-dried,200,2.812212067
PLL air-dried,200,2.560975304
PLL air-dried,200,3.346079464
PLL air-dried,200,4.237348671
PLL air-dried,200,2.99
PLL air-dried,200,3.351744995
PLL air-dried,200,4.83578537
PLL air-dried,200,3.909165668
PLL air-dried,200,2.487131481
PLL air-dried,200,2.760802002
PLL air-dried,200,2.235441704
PLL air-dried,200,1.656926231
PLL air-dried,200,4.423660316
PLL air-dried,200,2.221440907
PLL air-dried,200,2.41800005
PLL air-dried,200,2.478774147
PLL air-dried,200,3.319806118
PLL air-dried,200,2.063890715
PLL air-dried,200,5.743250771
PLL air-dried,200,3.934661674
PLL air-dried,200,4.592900734
PLL air-dried,200,1.418685179
PLL air-dried,200,4.344714813
PLL air-dried,200,2.795
PLL air-dried,200,4.901855049
PLL air-dried,200,3.244996262
PLL air-dried,200,3.290352993
PLL air-dried,200,2.851092205
PLL air-dried,200,3.823838787
PLL air-dried,200,2.154335766
PLL air-dried,200,3.497927551
PLL air-dried,200,1.147279358
PLL air-dried,200,1.418281507
PLL air-dried,200,7.472096939
PLL air-dried,200,1.885
PLL air-dried,200,2.563521557
PLL air-dried,200,2.54950985
PLL air-dried,200,4.526089172
PLL air-dried,200,2.114249077
PLL air-dried,200,6.324668312
PLL air-dried,200,1.241052465
PLL air-dried,200,4.71510601
PLL air-dried,200,4.2004673
PLL air-dried,200,3.447343178
PLL air-dried,200,3.271572609
PLL air-dried,200,2.275
PLL air-dried,200,2.405
PLL air-dried,200,2.802240543
PLL air-dried,200,3.208940334
PLL air-dried,200,2.409286652
PLL air-dried,200,2.924209518
PLL air-dried,200,4.067988739
PLL air-dried,200,1.338137388
PLL air-dried,200,2.245219574
PLL air-dried,200,3.017457581
PLL air-dried,200,2.925
PLL air-dried,200,3.515412865
PLL air-dried,200,2.43480175
PLL air-dried,200,2.427781639
PLL air-dried,200,2.355154533
PLL air-dried,200,1.918546247
PLL air-dried,200,2.054537592
PLL air-dried,200,3.493107052
PLL air-dried,200,3.958568039
PLL air-dried,200,1.495
PLL air-dried,200,3.07715332
PLL air-dried,200,2.77460741
PLL air-dried,200,3.200061302
PLL air-dried,200,4.12388258
PLL air-dried,200,3.156258011
PLL air-dried,200,3.990947285
PLL air-dried,200,5.418443184
PLL air-dried,200,5.487115402
PLL air-dried,200,4.107999802
PLL air-dried,200,2.395705643
PLL air-dried,200,1.885
PLL air-dried,200,4.70740303
PLL air-dried,200,3.015874386
PLL air-dried,200,2.435982761
PLL air-dried,200,4.740081062
PLL air-dried,200,4.723359947
PLL air-dried,200,3.523160725
PLL air-dried,200,3.124952908
PLL air-dried,200,2.25358757
PLL air-dried,200,3.248235054
PLL air-dried,200,2.130257568
PLL air-dried,200,1.303174448
PLL air-dried,200,2.479136658
PLL air-dried,200,3.839898853
PLL air-dried,250,1.975870047
PLL air-dried,250,2.275
PLL air-dried,250,3.237000446
PLL air-dried,250,2.307890282
PLL air-dried,250,2.318705597
PLL air-dried,250,1.8772085
PLL air-dried,250,4.857193336
PLL air-dried,250,3.4937257
PLL air-dried,250,4.4929916
PLL air-dried,250,1.993210802
PLL air-dried,250,2.055480318
PLL air-dried,250,2.650907459
PLL air-dried,250,2.068287334
PLL air-dried,250,1.365
PLL air-dried,250,1.983315153
PLL air-dried,250,2.481506119
PLL air-dried,250,2.47
PLL air-dried,250,1.562705936
PLL air-dried,250,3.141591949
PLL air-dried,250,5.754264946
PLL air-dried,250,3.991000347
PLL air-dried,250,4.342000198
PLL air-dried,250,2.435982761
PLL air-dried,250,4.247951241
PLL air-dried,250,2.439417191
PLL air-dried,250,1.383907461
PLL air-dried,250,2.956552315
PLL air-dried,250,3.636345882
PLL air-dried,250,2.561000347
PLL air-dried,250,5.612945786
PLL air-dried,250,2.601538811
PLL air-dried,250,3.401183567
PLL air-dried,250,1.947615166
PLL air-dried,250,4.70640873
PLL air-dried,250,2.585429649
PLL air-dried,250,3.996755886
PLL air-dried,250,2.063890715
PLL air-dried,250,3.026060143
PLL air-dried,250,3.85421257
PLL air-dried,250,4.085122452
PLL air-dried,250,2.8298526
PLL air-dried,250,2.272706661
PLL air-dried,250,2.674337254
PLL air-dried,250,3.229718494
PLL air-dried,250,3.649208069
PLL air-dried,250,4.087564812
PLL air-dried,250,3.039471302
PLL air-dried,250,4.688578758
PLL air-dried,250,2.405
PLL air-dried,250,2.665
PLL air-dried,250,3.405276814
PLL air-dried,250,2.958136501
PLL air-dried,250,2.53165657
PLL air-dried,250,3.912710686
PLL air-dried,250,2.469802628
PLL air-dried,250,2.509463577
PLL air-dried,250,2.47
PLL air-dried,250,3.658754845
PLL air-dried,250,4.028947926
PLL air-dried,250,5.766449966
PLL air-dried,250,3.55725359
PLL air-dried,250,4.464192581
PLL air-dried,250,2.055480318
PLL air-dried,250,2.092959633
PLL air-dried,250,1.69
PLL air-dried,250,2.180166264
PLL air-dried,250,4.639818344
PLL air-dried,250,4.574021416
PLL air-dried,250,2.22089838
PLL air-dried,250,2.325580902
PLL air-dried,250,4.641854553
PLL air-dried,250,2.840071335
PLL air-dried,250,1.527834988
PLL air-dried,250,2.915998726
PLL air-dried,250,3.589092045
PLL air-dried,250,4.769017448
PLL air-dried,250,5.133064957
PLL air-dried,250,3.493107052
PLL air-dried,250,1.79251564
PLL air-dried,250,2.08
PLL air-dried,250,2.31362648
PLL air-dried,250,2.265358753
PLL air-dried,250,3.302228565
PLL air-dried,250,3.911203365
PLL air-dried,250,2.114249077
PLL air-dried,250,4.257318001
PLL air-dried,250,2.209235058
PLL air-dried,250,3.821510239
PLL air-dried,250,2.08
PLL air-dried,250,3.17592186
PLL air-dried,250,3.357592525
PLL air-dried,250,2.614024849
PLL air-dried,250,1.660486746
PLL air-dried,250,2.52824049
PLL air-dried,250,2.163608303
PLL air-dried,250,2.527906494
PLL air-dried,250,3.699002953
PLL air-dried,250,2.887178631
PLL air-dried,250,5.216603088
PLL air-dried,250,2.646525097
PLL air-dried,250,2.645268459
PLL air-dried,250,1.654629917
PLL air-dried,250,2.707936687
PLL air-dried,250,3.25
PLL air-dried,250,2.75434351
PLL air-dried,250,2.909112759
PLL air-dried,250,2.589246674
PLL air-dried,250,4.254376755
PLL air-dried,250,4.079812241
PLL air-dried,250,3.604541397
PLL air-dried,250,4.904296417
PLL air-dried,250,2.619830475
PLL air-dried,250,2.304240379
PLL air-dried,250,3.284783669
PLL air-dried,250,3.144815369
PLL air-dried,250,2.038976412
PLL air-dried,250,2.28824007
PLL air-dried,250,4.275453453
PLL air-dried,250,2.364304829
PLL air-dried,250,4.754494209
PLL air-dried,250,1.43
PLL air-dried,250,5.313114738
PLL air-dried,250,2.645336151
PLL air-dried,250,2.545893669
PLL air-dried,250,1.981117649
PLL air-dried,250,3.57874239
PLL air-dried,250,2.963785172
PLL air-dried,250,2.325510731
PLL air-dried,250,4.006352501
PLL air-dried,250,3.213954487
PLL air-dried,250,3.622166061
PLL air-dried,250,3.739736309
PLL air-dried,250,1.889477329
PLL air-dried,250,2.696456604
PLL air-dried,250,2.968437061
PLL air-dried,250,5.204033737
PLL air-dried,250,4.295987129
PLL air-dried,250,4.597077789
PLL air-dried,250,2.005752878
PLL air-dried,250,2.706124878
PLL air-dried,250,2.762866726
PLL air-dried,250,3.534478645
PLL air-dried,250,4.071618557
PLL air-dried,250,2.939337025
PLL air-dried,250,3.644723301
PLL air-dried,250,3.475418663
PLL air-dried,250,2.884340782
PLL air-dried,250,2.505858307
PLL air-dried,250,2.557619972
PLL air-dried,250,3.486909161
PLL air-dried,250,3.445
PLL air-dried,250,3.737510166
PLL air-dried,250,2.758246822
PLL air-dried,250,2.750799732
PLL air-dried,250,2.934022846
PLL air-dried,250,3.287816658
PLL air-dried,250,3.624277649
PLL air-dried,250,2.202685814
PLL air-dried,250,2.481944504
PLL air-dried,250,2.674337254
PLL air-dried,250,2.411497173
PLL air-dried,250,3.687215405
PLL air-dried,250,3.636077843
PLL air-dried,250,2.281810837
PLL air-dried,250,3.314819489
PLL air-dried,250,4.415910721
PLL air-dried,250,3.846538601
PLL air-dried,250,4.170833168
PLL air-dried,250,2.001081152
PLL air-dried,250,4.254536934
PLL air-dried,250,3.354438286
PLL air-dried,250,2.6
PLL air-dried,250,2.665
PLL air-dried,250,2.2521348
PLL air-dried,250,1.105
PLL air-dried,250,2.384356976
PLL air-dried,250,2.534276466
PLL air-dried,250,2.386279869
PLL air-dried,250,1.625
PLL air-dried,250,4.17717289
PLL air-dried,250,2.005752878
PLL air-dried,250,3.072159252
PLL air-dried,250,3.588274784
PLL air-dried,250,3.005495968
PLL air-dried,250,2.94263731
PLL air-dried,250,2.853567543
PLL air-dried,250,4.174714165
PLL air-dried,250,2.978707619
PLL air-dried,250,3.967103901
PLL air-dried,250,3.194430237
PLL air-dried,250,4.392897491
PLL air-dried,250,1.69
PLL air-dried,250,3.95272646
PLL air-dried,250,2.368880596
PLL air-dried,250,2.686135712
PLL air-dried,250,3.755363941
PLL air-dried,250,2.136424961
PLL air-dried,250,2.679697056
PLL air-dried,300,2.21
PLL air-dried,300,3.13276598
PLL air-dried,300,2.925
PLL air-dried,300,2.6
PLL air-dried,300,4.249188538
PLL air-dried,300,3.321981926
PLL air-dried,300,3.431809769
PLL air-dried,300,2.896011047
PLL air-dried,300,3.043194847
PLL air-dried,300,3.605506935
PLL air-dried,300,2.948240356
PLL air-dried,300,3.870627956
PLL air-dried,300,4.607184944
PLL air-dried,300,2.304428329
PLL air-dried,300,3.089970875
PLL air-dried,300,2.033661242
PLL air-dried,300,2.998652649
PLL air-dried,300,2.62880497
PLL air-dried,300,2.21
PLL air-dried,300,3.363077049
PLL air-dried,300,2.361636086
PLL air-dried,300,2.614024601
PLL air-dried,300,3.956541748
PLL air-dried,300,1.171804123
PLL air-dried,300,4.29
PLL air-dried,300,2.739924908
PLL air-dried,300,1.403123379
PLL air-dried,300,3.28091383
PLL air-dried,300,1.932151432
PLL air-dried,300,2.916490669
PLL air-dried,300,2.428323421
PLL air-dried,300,2.281618919
PLL air-dried,300,3.023163776
PLL air-dried,300,1.755
PLL air-dried,300,2.463560104
PLL air-dried,300,2.435982761
PLL air-dried,300,2.587130623
PLL air-dried,300,1.656926231
PLL air-dried,300,1.685995274
PLL air-dried,300,2.411618423
PLL air-dried,300,2.352111874
PLL air-dried,300,4.616040421
PLL air-dried,300,4.233271294
PLL air-dried,300,1.899384756
PLL air-dried,300,2.73
PLL air-dried,300,2.650111771
PLL air-dried,300,3.483319759
PLL air-dried,300,2.447350521
PLL air-dried,300,3.137198181
PLL air-dried,300,3.739151134
PLL air-dried,300,1.69
PLL air-dried,300,2.145
PLL air-dried,300,2.935329819
PLL air-dried,300,4.184628906
PLL air-dried,300,2.940597878
PLL air-dried,300,4.320924492
PLL air-dried,300,2.209235306
PLL air-dried,300,3.431061192
PLL air-dried,300,3.343623962
PLL air-dried,300,3.296091423
PLL air-dried,300,2.736245003
PLL air-dried,300,1.28453639
PLL air-dried,300,2.694914818
PLL air-dried,300,2.878402748
PLL air-dried,300,4.49532238
PLL air-dried,300,5.036954994
PLL air-dried,300,2.160211067
PLL air-dried,300,4.004607391
PLL air-dried,300,2.24468399
PLL air-dried,300,4.516209145
PLL air-dried,300,2.732474842
PLL air-dried,300,2.204795666
PLL air-dried,300,3.01937254
PLL air-dried,300,2.08
PLL air-dried,300,2.34
PLL air-dried,300,1.627857437
PLL air-dried,300,2.471522198
PLL air-dried,300,2.665
PLL air-dried,300,2.939375954
PLL air-dried,300,3.155394135
PLL air-dried,300,3.772325821
PLL air-dried,300,3.549913616
PLL air-dried,300,2.87247488
PLL air-dried,300,2.487130985
PLL air-dried,300,2.637077751
PLL air-dried,300,2.73
PLL air-dried,300,3.299079781
PLL air-dried,300,1.540449219
PLL air-dried,300,3.582721577
PLL air-dried,300,4.50714241
PLL air-dried,300,2.303913822
PLL air-dried,300,2.336911964
PLL air-dried,300,1.97636323
PLL air-dried,300,1.656926355
PLL air-dried,300,3.535707512
PLL air-dried,300,2.486878319
PLL air-dried,300,2.481945248
PLL air-dried,300,1.478276157
PLL air-dried,300,2.114580097
PLL air-dried,300,4.691164932
PLL air-dried,300,1.923307486
PLL air-dried,300,5.181348305
PLL air-dried,300,1.482512846
PLL air-dried,300,3.446778088
PLL air-dried,300,3.941398125
PLL air-dried,300,2.99911211
PLL air-dried,300,2.982208996
PLL air-dried,300,3.197999802
PLL air-dried,300,2.535
PLL air-dried,300,3.090386448
PLL air-dried,300,4.411829376
PLL air-dried,300,2.304344025
PLL air-dried,300,2.018765945
PLL air-dried,300,2.32727766
PLL air-dried,300,2.803028545
PLL air-dried,300,1.495
PLL air-dried,300,3.574581699
PLL air-dried,300,3.490957279
PLL air-dried,300,3.379999504
PLL air-dried,300,1.520844755
PLL air-dried,300,3.099054966
PLL air-dried,300,3.095575905
PLL air-dried,300,1.885
PLL air-dried,300,1.802270699
PLL air-dried,300,3.579273014
PLL air-dried,300,1.69
PLL air-dried,300,3.523137913
PLL air-dried,300,3.312450027
PLL air-dried,300,4.77623394
PLL air-dried,300,4.535536766
PLL air-dried,300,3.168073826
PLL air-dried,300,3.103707848
PLL air-dried,300,5.124591827
PLL air-dried,300,2.885999355
PLL air-dried,300,9.185905609
PLL air-dried,300,2.870875568
PLL air-dried,300,4.382031097
PLL air-dried,300,2.54191349
PLL air-dried,300,3.910344448
PLL air-dried,300,2.307994175
PLL air-dried,300,2.287742672
PLL air-dried,300,3.922569389
PLL air-dried,300,1.905116491
PLL air-dried,300,3.005839138
PLL air-dried,300,2.901746006
PLL air-dried,300,3.275668831
PLL air-dried,300,4.502376709
PLL air-dried,300,3.087916317
PLL air-dried,300,1.860408411
PLL air-dried,300,3.454281216
PLL air-dried,300,2.068287334
PLL air-dried,300,4.054465256
PLL air-dried,300,3.380344906
PLL air-dried,300,3.331673508
PLL air-dried,300,1.947615166
PLL air-dried,300,2.206173058
PLL air-dried,300,2.383648319
PLL air-dried,300,3.778954659
PLL air-dried,300,4.853403587
PLL air-dried,300,4.139925041
PLL air-dried,300,4.421006699
PLL air-dried,300,3.023163776
PLL air-dried,300,4.442731056
PLL air-dried,300,2.328122196
PLL air-dried,300,1.365
PLL air-dried,300,2.996192188
PLL air-dried,300,2.332353058
PLL air-dried,300,2.594888649
PLL air-dried,300,4.270221596
PLL air-dried,300,3.767587643
PLL air-dried,300,4.172625389
PLL air-dried,300,3.342559986
PLL air-dried,300,2.902256794
PLL air-dried,300,2.47085495
PLL air-dried,300,1.885
PLL air-dried,300,2.484533901
PLL air-dried,300,3.045852184
PLL air-dried,300,3.843605042
PLL air-dried,300,4.152290325
PLL air-dried,300,4.268424416
PLL air-dried,300,3.243956089
PLL air-dried,300,1.755
PLL air-dried,300,3.309845257
PLL air-dried,300,1.889477329
PLL air-dried,300,4.243490028
PLL air-dried,300,4.295924149
PLL air-dried,300,2.076877003
PLL air-dried,300,3.803383217
PLL air-dried,300,2.022325344
PLL air-dried,300,4.560411148
PLL air-dried,300,2.946638565
PLL air-dried,300,3.33454483
PLL air-dried,300,4.602000198
PLL air-dried,300,2.181358681
PLL air-dried,300,2.289681187
PLL air-dried,300,2.097922459
PLL air-dried,300,4.492436676
PLL air-dried,300,2.898702602
PLL air-dried,300,4.262241898
PLL air-dried,300,2.837914867
PLL air-dried,300,2.364722385
PLL air-dried,300,2.213820248
PLL air-dried,300,2.638742771
PLL air-dried,300,2.6
PLL air-dried,300,2.935957146
PLL air-dried,300,3.265214291
PLL air-dried,300,5.326818237
PLL air-dried,300,1.930401487
PLL air-dried,300,3.054319859
PLL air-dried,300,1.272634039
PLL air-dried,300,2.52824049
PLL air-dried,300,2.906132088
PLL air-dried,300,1.495
PLL air-dried,300,2.294608059
PLL air-dried,300,2.758246822
PLL air-dried,300,3.541718445
PLL air-dried,300,1.907091084
PLL air-dried,300,2.098118591
PLL air-dried,300,2.385554352
PLL air-dried,300,2.665
PLL air-dried,300,1.365
PLL air-dried,300,4.167910767
PLL air-dried,300,3.474886551
PLL air-dried,300,3.494220123
PLL air-dried,300,3.634055023
PLL air-dried,300,2.494791813
PLL air-dried,300,2.055480318
PLL air-dried,300,2.172145653
PLL air-dried,300,2.034925442
PLL air-dried,300,5.805377464
PLL air-dried,300,1.885148525
PLL air-dried,300,5.381188889
PLL air-dried,300,2.946561699
PLL air-dried,300,2.812970314
PLL air-dried,300,3.262145348
PLL air-dried,300,2.049425993
PLL air-dried,300,1.308099585
PLL air-dried,300,3.108429165
PLL air-dried,350,2.486147594
PLL air-dried,350,3.363110275
PLL air-dried,350,4.044927902
PLL air-dried,350,3.013507156
PLL air-dried,350,3.997709026
PLL air-dried,350,3.952098637
PLL air-dried,350,3.370200062
PLL air-dried,350,3.680235462
PLL air-dried,350,3.002578773
PLL air-dried,350,2.202831116
PLL air-dried,350,3.745078754
PLL air-dried,350,4.413106346
PLL air-dried,350,4.708600159
PLL air-dried,350,2.570952034
PLL air-dried,350,2.261028461
PLL air-dried,350,3.227383003
PLL air-dried,350,3.912740192
PLL air-dried,350,4.537628517
PLL air-dried,350,3.020947552
PLL air-dried,350,1.976743593
PLL air-dried,350,4.649970131
PLL air-dried,350,1.97636323
PLL air-dried,350,4.708944321
PLL air-dried,350,2.779043579
PLL air-dried,350,2.309892273
PLL air-dried,350,2.145
PLL air-dried,350,3.013859501
PLL air-dried,350,4.360332527
PLL air-dried,350,3.010425568
PLL air-dried,350,1.401764336
PLL air-dried,350,2.015
PLL air-dried,350,2.703010311
PLL air-dried,350,2.627373524
PLL air-dried,350,3.821884403
PLL air-dried,350,2.187466812
PLL air-dried,350,2.571389675
PLL air-dried,350,2.355100479
PLL air-dried,350,2.92126133
PLL air-dried,350,3.81502943
PLL air-dried,350,3.756099377
PLL air-dried,350,2.921048832
PLL air-dried,350,2.236503201
PLL air-dried,350,2.063890715
PLL air-dried,350,2.015
PLL air-dried,350,2.607500401
PLL air-dried,350,2.127842484
PLL air-dried,350,3.476484871
PLL air-dried,350,2.592626801
PLL air-dried,350,3.861347237
PLL air-dried,350,1.182361193
PLL air-dried,350,3.092103539
PLL air-dried,350,2.932720089
PLL air-dried,350,1.470781956
PLL air-dried,350,1.858810339
PLL air-dried,350,2.619830475
PLL air-dried,350,2.238603878
PLL air-dried,350,3.428761158
PLL air-dried,350,2.08
PLL air-dried,350,4.11515852
PLL air-dried,350,2.207073879
PLL air-dried,350,2.771811466
PLL air-dried,350,2.147178535
PLL air-dried,350,1.77320178
PLL air-dried,350,1.973261061
PLL air-dried,350,1.810162249
PLL air-dried,350,1.82
PLL air-dried,350,2.632052689
PLL air-dried,350,2.577571945
PLL air-dried,350,1.26176219
PLL air-dried,350,2.670334015
PLL air-dried,350,2.196775799
PLL air-dried,350,3.981401749
PLL air-dried,350,2.830357933
PLL air-dried,350,2.08
PLL air-dried,350,3.35214941
PLL air-dried,350,4.798497849
PLL air-dried,350,3.317517738
PLL air-dried,350,2.965025692
PLL air-dried,350,4.081629257
PLL air-dried,350,2.196775799
PLL air-dried,350,2.487709713
PLL air-dried,350,2.558126297
PLL air-dried,350,3.115145531
PLL air-dried,350,3.983164711
PLL air-dried,350,1.17
PLL air-dried,350,2.160501175
PLL air-dried,350,3.48176384
PLL air-dried,350,3.915365047
PLL air-dried,350,4.890245781
PLL air-dried,350,3.080025387
PLL air-dried,350,3.206805935
PLL air-dried,350,3.016614285
PLL air-dried,350,1.95
PLL air-dried,350,2.221967812
PLL air-dried,350,2.863830414
PLL air-dried,350,2.390021019
PLL air-dried,350,2.54879549
PLL air-dried,350,1.654629917
PLL air-dried,350,3.088009052
PLL air-dried,350,1.365
PLL air-dried,350,2.122028427
PLL air-dried,350,2.015
PLL air-dried,350,4.116096039
PLL air-dried,350,2.47085495
PLL air-dried,350,2.354360828
PLL air-dried,350,2.496548328
PLL air-dried,350,2.325510731
PLL air-dried,350,1.608667927
PLL air-dried,350,3.551365395
PLL air-dried,350,3.25
PLL air-dried,350,3.18670866
PLL air-dried,350,3.271572609
PLL air-dried,350,3.850853024
PLL air-dried,350,3.015482864
PLL air-dried,350,2.900789642
PLL air-dried,350,4.182333336
PLL air-dried,350,1.532845545
PLL air-dried,350,3.808867741
PLL air-dried,350,2.45003191
PLL air-dried,350,2.056915483
PLL air-dried,350,1.625
PLL air-dried,350,2.803678436
PLL air-dried,350,2.776661968
PLL air-dried,350,3.042000198
PLL air-dried,350,2.168747177
PLL air-dried,350,2.151097469
PLL air-dried,350,1.598788519
PLL air-dried,350,1.453444176
PLL air-dried,350,4.101265583
PLL air-dried,350,2.742322388
PLL air-dried,350,2.663167362
PLL air-dried,350,2.580245647
PLL air-dried,350,3.979063034
PLL air-dried,350,4.185919266
PLL air-dried,350,1.95
PLL air-dried,350,2.289681187
PLL air-dried,350,3.006735001
PLL air-dried,350,1.700591784
PLL air-dried,350,2.090598106
PLL air-dried,350,2.034821672
PLL air-dried,350,1.249961872
PLL air-dried,350,4.426033249
PLL air-dried,350,1.470781956
PLL air-dried,350,2.757716446
PLL air-dried,350,3.687444019
PLL air-dried,350,2.096720371
PLL air-dried,350,3.517587433
PLL air-dried,350,3.431698933
PLL air-dried,350,3.703968754
PLL air-dried,350,3.42225481
PLL air-dried,350,2.587000198
PLL air-dried,350,4.499083862
PLL air-dried,350,2.742782345
PLL air-dried,350,2.995673962
PLL air-dried,350,3.195800438
PLL air-dried,350,2.217414112
PLL air-dried,350,2.6897328
PLL air-dried,350,4.16
PLL air-dried,350,1.79251564
PLL air-dried,350,3.610142708
PLL air-dried,350,2.169244576
PLL air-dried,350,4.383862495
PLL air-dried,350,1.82
PLL air-dried,350,4.305189247
PLL air-dried,350,4.053323421
PLL air-dried,350,2.652759438
PLL air-dried,350,2.076895351
PLL air-dried,350,2.810868149
PLL air-dried,350,2.914852676
PLL air-dried,350,2.534680386
PLL air-dried,350,3.863677025
PLL air-dried,350,2.527906494
PLL air-dried,350,3.323617687
PLL air-dried,350,2.09121973
PLL air-dried,350,3.087115421
PLL air-dried,350,6.43280014
PLL air-dried,350,3.757011852
PLL air-dried,350,3.448928108
PLL air-dried,350,1.755
PLL air-dried,350,2.992779083
PLL air-dried,350,2.753409958
PLL air-dried,350,4.078428898
PLL air-dried,350,3.079449635
PLL air-dried,350,3.007603092
PLL air-dried,350,2.546679935
PLL air-dried,350,2.41890583
PLL air-dried,350,4.062187576
PLL air-dried,350,2.925
PLL air-dried,350,5.139782066
PLL air-dried,350,2.446533012
PLL air-dried,350,3.806731606
PLL air-dried,350,2.6
PLL air-dried,350,2.67958374
PLL air-dried,350,3.683064137
PLL air-dried,350,2.08
PLL air-dried,350,1.3
PLL air-dried,350,5.729089546
PLL air-dried,350,1.885
PLL air-dried,350,1.286934366
PLL air-dried,350,3.19723114
PLL air-dried,350,2.619830475
PLL air-dried,350,3.393081131
PLL air-dried,350,5.466579742
PLL air-dried,350,3.031072807
PLL air-dried,350,1.562705936
PLL air-dried,350,2.941563911
PLL air-dried,350,3.591130733
PLL air-dried,350,2.797603283
PLL air-dried,350,2.611155014
PLL air-dried,350,3.887456684
PLL air-dried,350,2.572821369
PLL air-dried,350,3.01065567
PLL air-dried,350,2.305805721
PLL air-dried,350,3.9
PLL air-dried,350,1.625
PLL air-dried,350,3.440265541
PLL air-dried,350,3.964487724
PLL air-dried,350,3.110370407
PLL air-dried,350,2.08
PLL air-dried,350,2.422930393
PLL air-dried,350,2.885999603
PLL air-dried,350,2.483347187
PLL air-dried,350,3.951867046
PLL air-dried,350,2.322692471
PLL air-dried,350,2.12128828
PLL air-dried,350,2.092959633
PLL air-dried,350,2.355100479
PLL air-dried,350,2.409286652
PLL air-dried,350,2.055164299
PLL air-dried,350,2.426109676
PLL air-dried,350,2.496000099
PLL air-dried,350,2.509522095
PLL air-dried,350,2.393543224
PLL air-dried,350,5.842578201
PLL air-dried,350,2.160211067
PLL air-dried,350,2.06570426
PLL air-dried,350,3.725155792
PLL air-dried,350,4.292113075
PLL air-dried,350,2.645268211
PLL air-dried,350,2.01572279
PLL air-dried,350,4.040574799
PLL air-dried,350,3.889639187
PLL air-dried,350,3.10077404
PLL air-dried,350,2.865465183
PLL air-dried,350,2.965025692
PLL air-dried,350,2.952436256
PLL air-dried,350,2.925
PLL air-dried,350,3.23512516
PLL air-dried,350,3.630285358
PLL air-dried,350,2.925
PLL air-dried,350,2.548232632
PLL air-dried,350,3.278789349
PLL air-dried,350,2.34
PLL air-dried,350,1.755
PLL air-dried,350,2.383648319
PLL air-dried,350,3.142820816
PLL air-dried,350,3.136571846
PLL air-dried,350,3.092290993
PLL air-dried,350,2.015
PLL air-dried,350,3.720883274
PLL air-dried,350,3.837149525
PLL air-dried,350,2.787768879
PLL air-dried,350,4.397052231
PLL air-dried,350,2.883061333
PLL air-dried,350,2.519809761
PLL air-dried,350,3.015168209
PLL air-dried,350,1.286934242
PLL air-dried,350,2.576158848
PLL air-dried,350,4.185650978
PLL air-dried,350,2.062814217
PLL air-dried,350,2.188790398
PLL air-dried,350,2.70581295
PLL air-dried,350,3.399860229
PLL air-dried,350,2.499923744
PLL air-dried,350,2.790612679
PLL air-dried,350,3.184337959
PLL air-dried,350,1.43
PLL air-dried,350,3.946522121
PLL air-dried,350,4.156402912
PLL air-dried,350,1.920356817
PLL air-dried,350,2.422842617
PLL air-dried,350,2.270133381
PLL air-dried,350,2.792530117
PLL air-dried,350,3.322743397
PLL air-dried,350,1.989915848
PLL air-dried,350,4.03
PLL air-dried,350,2.804460735
PLL air-dried,350,3.747942142
PLL air-dried,350,4.325297928
PLL air-dried,350,4.224685593
PLL air-dried,350,2.049088278
PLL air-dried,350,2.397002449
PLL air-dried,350,3.355221577
PLL air-dried,350,2.397081795
PLL air-dried,350,2.794600048
PLL air-dried,350,3.015763798
PLL air-dried,350,2.151097221
PLL air-dried,350,3.208422852
PLL air-dried,350,4.584740028
PLL air-dried,350,4.178018913
PLL air-dried,350,2.537594604
PLL air-dried,350,3.561678352
PLL air-dried,350,3.315
PLL air-dried,350,3.270865688
PLL air-dried,350,3.503729458
PLL air-dried,350,3.808500271
PLL air-dried,350,4.464082489
PLL air-dried,350,2.390020771
PLL air-dried,350,2.24936985
PLL air-dried,350,1.495
PLL air-dried,350,3.532122574
PLL air-dried,350,2.101645508
PLL air-dried,350,4.40732254
PLL air-dried,350,2.704163551
PLL air-dried,400,2.880662117
PLL air-dried,400,3.460496712
PLL air-dried,400,3.271161499
PLL air-dried,400,1.82
PLL air-dried,400,2.547566872
PLL air-dried,400,3.848935337
PLL air-dried,400,4.228498154
PLL air-dried,400,2.21
PLL air-dried,400,2.504651756
PLL air-dried,400,4.412346115
PLL air-dried,400,4.507814865
PLL air-dried,400,2.858583183
PLL air-dried,400,1.97636323
PLL air-dried,400,2.570832272
PLL air-dried,400,3.236059952
PLL air-dried,400,2.022325344
PLL air-dried,400,4.19046875
PLL air-dried,400,2.344059029
PLL air-dried,400,3.249648399
PLL air-dried,400,2.431000099
PLL air-dried,400,2.005752878
PLL air-dried,400,3.611993942
PLL air-dried,400,2.480101948
PLL air-dried,400,1.755
PLL air-dried,400,3.315313663
PLL air-dried,400,2.812330093
PLL air-dried,400,1.598788519
PLL air-dried,400,3.354681034
PLL air-dried,400,3.024411736
PLL air-dried,400,3.482376785
PLL air-dried,400,3.52430727
PLL air-dried,400,2.21857008
PLL air-dried,400,1.419332094
PLL air-dried,400,3.293826847
PLL air-dried,400,2.731866608
PLL air-dried,400,2.014370689
PLL air-dried,400,3.201410179
PLL air-dried,400,2.151097221
PLL air-dried,400,2.145
PLL air-dried,400,2.651354771
PLL air-dried,400,3.061783314
PLL air-dried,400,2.261028214
PLL air-dried,400,3.322198887
PLL air-dried,400,3.044450989
PLL air-dried,400,3.576535835
PLL air-dried,400,1.898292265
PLL air-dried,400,3.500308666
PLL air-dried,400,1.981117401
PLL air-dried,400,2.644744778
PLL air-dried,400,2.626000347
PLL air-dried,400,2.145
PLL air-dried,400,2.473024559
PLL air-dried,400,1.630450554
PLL air-dried,400,3.31759758
PLL air-dried,400,2.383648319
PLL air-dried,400,2.44714695
PLL air-dried,400,2.825980034
PLL air-dried,400,3.345979538
PLL air-dried,400,3.35921217
PLL air-dried,400,3.593626652
PLL air-dried,400,2.034821672
PLL air-dried,400,2.261327744
PLL air-dried,400,2.207401428
PLL air-dried,400,1.885
PLL air-dried,400,4.110328598
PLL air-dried,400,2.757716446
PLL air-dried,400,2.776123161
PLL air-dried,400,2.866001015
PLL air-dried,400,3.143018188
PLL air-dried,400,1.979512386
PLL air-dried,400,2.50759201
PLL air-dried,400,2.192192593
PLL air-dried,400,2.035726833
PLL air-dried,400,3.574613934
PLL air-dried,400,2.632724152
PLL air-dried,400,1.90547863
PLL air-dried,400,1.849536066
PLL air-dried,400,4.190582314
PLL air-dried,400,3.084621735
PLL air-dried,400,2.145
PLL air-dried,400,3.750306644
PLL air-dried,400,3.197268829
PLL air-dried,400,2.435983009
PLL air-dried,400,4.349133377
PLL air-dried,400,3.686138535
PLL air-dried,400,3.07864502
PLL air-dried,400,2.022325344
PLL air-dried,400,4.923357735
PLL air-dried,400,3.868364372
PLL air-dried,400,2.554394073
PLL air-dried,400,1.846101141
PLL air-dried,400,1.655305719
PLL air-dried,400,1.95
PLL air-dried,400,2.022325344
PLL air-dried,400,2.024379034
PLL air-dried,400,3.329311981
PLL air-dried,400,3.926920261
PLL air-dried,400,2.238684216
PLL air-dried,400,2.313867989
PLL air-dried,400,3.550150909
PLL air-dried,400,2.354579525
PLL air-dried,400,2.715290051
PLL air-dried,400,3.151061363
PLL air-dried,400,2.817939091
PLL air-dried,400,4.876704941
PLL air-dried,400,2.49150938
PLL air-dried,400,4.652434807
PLL air-dried,400,1.884439373
PLL air-dried,400,3.024080963
PLL air-dried,400,3.543818626
PLL air-dried,400,2.21
PLL air-dried,400,2.59336174
PLL air-dried,400,2.09121973
PLL air-dried,400,2.679604816
PLL air-dried,400,2.790372162
PLL air-dried,400,1.376684647
PLL air-dried,400,3.781459999
PLL air-dried,400,2.639505978
PLL air-dried,400,3.388812084
PLL air-dried,400,2.552186775
PLL air-dried,400,2.226200657
PLL air-dried,400,2.860217705
PLL air-dried,400,2.652081032
PLL air-dried,400,2.693370056
PLL air-dried,400,2.702562008
PLL air-dried,400,2.616199417
PLL air-dried,400,1.744132862
PLL air-dried,400,4.912641602
PLL air-dried,400,3.965
PLL air-dried,400,3.637548714
PLL air-dried,400,3.735620251
PLL air-dried,400,3.859770241
PLL air-dried,400,3.534562454
PLL air-dried,400,1.750178509
PLL air-dried,400,3.412299404
PLL air-dried,400,2.608882751
PLL air-dried,400,1.105
PLL air-dried,400,2.308161793
PLL air-dried,400,4.90567009
PLL air-dried,400,2.884776936
PLL air-dried,400,1.884439621
PLL air-dried,400,2.095712681
PLL air-dried,400,2.322543201
PLL air-dried,400,4.234613724
PLL air-dried,400,2.213535843
PLL air-dried,400,3.309259834
PLL air-dried,400,3.330542583
PLL air-dried,400,3.086941109
PLL air-dried,400,2.142785759
PLL air-dried,400,2.273778076
PLL air-dried,400,3.065536861
PLL air-dried,400,1.959607649
PLL air-dried,400,1.495
PLL air-dried,400,3.168508244
PLL air-dried,400,2.325580902
PLL air-dried,400,3.699864597
PLL air-dried,400,2.034821672
PLL air-dried,400,1.516743822
PLL air-dried,400,2.433746948
PLL air-dried,400,3.119325066
PLL air-dried,400,2.304927216
PLL air-dried,400,2.421817818
PLL air-dried,400,2.616199169
PLL air-dried,400,3.184492683
PLL air-dried,400,3.197999802
PLL air-dried,400,1.918546124
PLL air-dried,400,2.344059029
PLL air-dried,400,2.443546391
PLL air-dried,400,1.516743822
PLL air-dried,400,3.125411873
PLL air-dried,400,2.445175457
PLL air-dried,400,2.650889606
PLL air-dried,400,2.571381493
PLL air-dried,400,4.574766769
PLL air-dried,400,2.6
PLL air-dried,400,2.470855198
PLL air-dried,400,2.41201664
PLL air-dried,400,2.596506805
PLL air-dried,400,2.615458527
PLL air-dried,400,2.206173058
PLL air-dried,400,2.055875683
PLL air-dried,400,2.457764893
PLL air-dried,400,3.910721588
PLL air-dried,400,4.112699547
PLL air-dried,400,2.199363708
PLL air-dried,400,2.794302254
PLL air-dried,400,2.855160408
PLL air-dried,400,2.713233757
PLL air-dried,400,3.21423666
PLL air-dried,400,3.213944073
PLL air-dried,400,1.56
PLL air-dried,400,2.316481686
PLL air-dried,400,3.185
PLL air-dried,400,2.015
PLL air-dried,400,2.339897842
PLL air-dried,400,1.869190741
PLL air-dried,400,2.646525097
PLL air-dried,400,2.267372894
PLL air-dried,400,2.362898674
PLL air-dried,400,3.379999504
PLL air-dried,400,2.00199995
PLL air-dried,400,3.969343433
PLL air-dried,400,2.492252254
PLL air-dried,400,2.422034283
PLL air-dried,400,2.6
PLL air-dried,400,5.491012268
PLL air-dried,400,2.61122221
PLL air-dried,400,2.052355337
PLL air-dried,400,2.737033253
PLL air-dried,400,2.732474842
PLL air-dried,400,3.70425663
PLL air-dried,400,3.334941559
PLL air-dried,400,2.757660904
PLL air-dried,400,2.325580406
PLL air-dried,400,1.43
PLL air-dried,400,2.588476524
PLL air-dried,400,3.410051689
PLL air-dried,400,3.143947029
PLL air-dried,400,3.407246075
PLL air-dried,400,2.445218601
PLL air-dried,400,2.365072994
PLL air-dried,400,3.913997326
PLL air-dried,400,3.143105221
PLL air-dried,400,1.84757226
PLL air-dried,400,2.271497383
PLL air-dried,400,3.975232124
PLL air-dried,400,2.676985416
PLL air-dried,400,3.633129158
PLL air-dried,400,2.114249077
PLL air-dried,400,4.241352654
PLL air-dried,400,1.82
PLL air-dried,400,3.766130409
PLL air-dried,400,1.82
PLL air-dried,400,2.553532429
PLL air-dried,400,3.003000546
PLL air-dried,400,3.301101112
PLL air-dried,400,3.909834404
PLL air-dried,400,3.406110439
PLL air-dried,400,3.401059341
PLL air-dried,400,2.063890715
PLL air-dried,400,2.727522926
PLL air-dried,400,2.875887241
PLL air-dried,400,3.696201057
PLL air-dried,400,2.764075012
PLL air-dried,400,2.736420555
PLL air-dried,400,1.618520184
PLL air-dried,400,2.141923122
PLL air-dried,400,2.65008028
PLL air-dried,400,3.430184917
PLL air-dried,400,3.108043842
PLL air-dried,400,2.345548992
PLL air-dried,400,2.04887578
PLL air-dried,400,2.357502174
PLL air-dried,400,3.38
PLL air-dried,400,3.439521923
PLL air-dried,400,2.416893177
PLL air-dried,400,2.679941788
PLL air-dried,400,2.895045757
PLL air-dried,400,2.570952034
PLL air-dried,400,3.208213329
PLL air-dried,400,3.731977539
PLL air-dried,400,2.097244301
PLL air-dried,400,3.329624653
PLL air-dried,400,2.199363708
PLL air-dried,400,4.178742943
PLL air-dried,400,1.822899466
PLL air-dried,400,1.656926231
PLL air-dried,400,3.533433266
PLL air-dried,400,4.254825554
PLL air-dried,400,2.054537592
PLL air-dried,400,3.377241497
PLL air-dried,400,3.35506958
PLL air-dried,400,2.047788744
PLL air-dried,400,4.968483124
PLL air-dried,400,3.194308491
PLL air-dried,400,2.996351376
PLL air-dried,400,2.383648319
PLL air-dried,400,2.412717361
PLL air-dried,400,2.679091301
PLL air-dried,400,3.029537964
PLL air-dried,400,2.159779377
PLL air-dried,400,2.497019444
PLL air-dried,400,2.306217079
PLL air-dried,400,1.250385628
PLL air-dried,400,1.997400999
PLL air-dried,400,1.586442575
PLL air-dried,400,2.487709713
PLL air-dried,400,3.652416363
PLL air-dried,400,1.625
PLL air-dried,400,2.447709808
PLL air-dried,400,2.093921204
PLL air-dried,400,2.898227272
PLL air-dried,400,2.015
PLL air-dried,400,1.895020866
PLL air-dried,400,3.768878746
PLL air-dried,400,1.995000296
PLL air-dried,400,2.31945467
PLL air-dried,400,2.096589947
PLL air-dried,400,1.693074026
PLL air-dried,400,2.542200127
PLL air-dried,400,2.725824184
PLL air-dried,400,3.271300354
PLL air-dried,400,1.516743822
PLL air-dried,400,2.21
PLL air-dried,400,4.375533676
PLL air-dried,400,2.986698475
PLL air-dried,400,2.051699371
PLL air-dried,400,2.599089756
PLL air-dried,400,2.325510483
PLL air-dried,400,2.411268063
PLL air-dried,400,2.594488449
PLL air-dried,400,2.835749722
PLL air-dried,400,2.117144947
PLL air-dried,400,2.244306355
PLL air-dried,400,1.56
PLL air-dried,400,2.97710186
PLL air-dried,400,2.984389763
PLL air-dried,400,1.625
PLL air-dried,400,4.257156334
PLL air-dried,400,2.200996494
PLL air-dried,400,2.85739994
PLL air-dried,400,2.262000446
PLL air-dried,400,3.226696663
PLL air-dried,400,4.053660145
PLL air-dried,400,2.735599079
PLL air-dried,400,2.547999058
PLL air-dried,400,2.836563263
PLL air-dried,400,3.789976025
PLL air-dried,400,3.444861393
PLL air-dried,400,2.543252449
PLL air-dried,400,3.948078537
PLL air-dried,400,3.77
PLL air-dried,400,2.08
PLL air-dried,400,3.958960056
PLL air-dried,400,4.412023773
PLL air-dried,400,2.968693447
PLL air-dried,400,3.287546883
PLL air-dried,400,1.95
PLL air-dried,400,1.495
PLL air-dried,400,2.658138332
PLL air-dried,400,2.114249325
PLL air-dried,400,2.551713181
PLL air-dried,400,2.821513367
PLL air-dried,400,1.965025473
PLL air-dried,400,2.499923744
PLL air-dried,400,1.882950773
PLL air-dried,400,2.163608303
PLL air-dried,400,3.678410015
PLL air-dried,400,3.785001049
PLL air-dried,400,2.145
PLL air-dried,400,3.379632778
PLL air-dried,400,2.334216938
PLL air-dried,400,2.379663925
PLL air-dried,400,3.299752731
PLL air-dried,400,2.73368412
PLL air-dried,400,3.589107914
PLL air-dried,400,2.577611122
PLL air-dried,400,1.976363478
PLL air-dried,400,1.80882267
PLL air-dried,400,2.052496548
PLL air-dried,400,2.939402733
PLL air-dried,400,2.386427898
PLL air-dried,400,3.141164722
PLL air-dried,400,2.273550453
PLL air-dried,400,2.218073425
PLL air-dried,400,2.665
PLL air-dried,400,1.324244328
PLL air-dried,400,3.0553092
PLL air-dried,400,1.453444176
PLL air-dried,400,1.95
PLL air-dried,400,2.137699699
PLL air-dried,400,3.190574532
PLL air-dried,400,1.3
PLL air-dried,400,3.722013206
PLL air-dried,400,6.518154793
PLL air-dried,400,3.087614555
PLL air-dried,400,3.78613718
PLL air-dried,400,1.69
PLL air-dried,400,1.95
PLL air-dried,400,2.570757637
PLL air-dried,400,2.638199997
PLL air-dried,400,1.616938848
PLL air-dried,400,2.447529545
PLL air-dried,400,1.56
PLL air-dried,400,1.844483356
PLL air-dried,400,1.95
PLL air-dried,400,2.88123167
PLL air-dried,400,4.148069878
PLL air-dried,400,1.715064068
PLL air-dried,400,2.217120781
PLL air-dried,400,2.925
PLL air-dried,400,2.365964642
PLL air-dried,400,3.954324036
PLL air-dried,400,2.754343758
PLL air-dried,400,2.178809204
PLL air-dried,400,4.284480515
PLL air-dried,400,2.639000397
PLL air-dried,400,3.256873817
PLL air-dried,400,3.554310608
PLL air-dried,400,2.705000401
PLL air-dried,400,2.535
PLL air-dried,400,2.531189423
PLL air-dried,400,2.724347363
PLL air-dried,400,4.422241516
PLL air-dried,400,2.704000149
PLL air-dried,400,3.043685303
PLL air-dried,400,2.675377922
PLL air-dried,400,4.949928627
PLL air-dried,400,2.520347824
PLL air-dried,400,3.320663052
PLL air-dried,400,3.832328777
PLL air-dried,400,1.56
PLL air-dried,400,2.106000099
PLL air-dried,400,2.175642567
PLL air-dried,400,2.21
PLL air-dried,400,2.364722385
PLL air-dried,400,1.654629917
PLL air-dried,400,2.505821609
PLL air-dried,400,3.911378918
PLL air-dried,400,4.275418243
PLL air-dried,400,2.195568504
PLL air-dried,400,2.947278538
PLL air-dried,400,2.564624214
PLL air-dried,400,2.301662884
PLL air-dried,400,1.85825839
PLL air-dried,400,1.365
